,index,Lat,Long,Magnitude,Epicenter,DateTime
0,9,27.75,86.16,5.1,Dolakha,1994-06-25 05:45:00
1,8,29.37,81.52,5.5,Bajura,1994-07-17 11:00:00
3,6,28.34,87.35,4.8,Sankhuwasabha,1994-09-25 11:00:00
4,5,29.0,82.26,4.6,Jajarkot,1994-10-22 11:00:00
5,4,28.92,82.0,4.7,Jajarkot,1994-10-24 11:00:00
6,3,29.54,81.15,4.2,Bajhang,1994-11-21 11:00:00
7,2,29.72,81.56,4.5,Bajura,1994-11-27 11:00:00
8,1,29.84,80.69,4.6,Darchula,1994-12-12 11:00:00
9,0,28.7,82.88,4.6,Rukum,1994-12-13 11:00:00
10,21,28.35,83.44,4.3,Magdi,1995-01-19 11:00:00
11,20,26.85,86.11,4.5,Dhanusa,1995-01-29 11:00:00
12,19,29.38,82.3,4.2,Jumla,1995-01-30 11:00:00
13,18,29.32,82.19,4.3,Jumla,1995-01-30 11:00:00
14,17,27.74,85.88,4.6,Kavrepalanchowk,1995-02-18 11:00:00
15,16,29.51,81.71,4.7,Bajura,1995-04-17 11:00:00
16,15,27.22,87.95,4.2,Taplejung,1995-06-11 11:00:00
18,13,30.04,81.54,4.8,Humla,1995-08-03 11:00:00
19,12,29.88,81.63,5.0,Bajura,1995-08-07 11:00:00
21,10,28.27,84.44,4.7,Lamjung,1995-10-04 11:15:00
22,30,27.122,86.766,4.8,Udayapur,1996-02-28 11:00:00
23,29,27.935,87.705,5.3,Taplejung,1996-04-26 11:00:00
24,28,29.616,81.98100000000001,4.6,Mugu,1996-07-10 11:00:00
26,26,29.63,81.859,4.9,Mugu,1996-11-04 11:00:00
27,25,29.666999999999998,81.699,4.9,Humla,1996-11-08 11:00:00
28,24,27.39,86.84200000000001,5.3,Solukhumbu,1996-12-03 11:00:00
29,23,29.011999999999997,81.726,4.4,Dailekh,1996-12-22 11:00:00
30,22,29.75,81.828,5.2,Humla,1996-12-29 11:00:00
31,48,27.005,86.561,4.5,Udayapur,1997-01-01 11:00:00
32,47,29.785,80.58800000000001,5.6,Darchula,1997-01-05 11:00:00
33,46,28.015,85.301,5.0,Rasuwa,1997-01-31 11:00:00
34,45,28.078000000000003,85.286,5.8,Rasuwa,1997-01-31 11:00:00
35,44,28.0,85.303,4.7,Rasuwa,1997-02-01 11:00:00
36,43,28.02,85.33,5.0,Rasuwa,1997-02-03 11:00:00
37,42,28.09,85.29,4.7,Rasuwa,1997-02-03 11:00:00
38,41,28.12,85.33,4.2,Rasuwa,1997-02-10 11:00:00
39,40,29.52,81.33,4.4,Bajhang,1997-02-18 11:00:00
40,39,28.06,85.28,5.0,Rasuwa,1997-03-24 11:00:00
41,38,27.5,87.74600000000001,4.6,Solukhumbu,1997-04-07 11:00:00
43,36,28.68,82.58,4.5,Rukum,1997-05-28 11:00:00
44,35,27.65,86.41,4.8,Ramechhap,1997-10-11 11:00:00
45,34,28.66,82.54,5.2,Rukum,1997-10-24 11:00:00
46,33,27.75,86.0,4.3,Dolakha,1997-11-26 11:00:00
47,32,27.74,87.0,5.5,Solukhumbu,1997-11-27 11:00:00
48,31,27.19,86.85,5.0,Khotang,1997-12-08 11:00:00
49,60,27.59,88.19,4.6,Taplejung,1998-02-12 11:00:00
51,58,27.15,87.86,5.0,Panchthar,1998-02-28 11:00:00
52,57,29.41,82.38,4.7,Jumla,1998-05-10 11:00:00
53,56,26.76,84.81700000000001,4.8,Parsa,1998-05-16 11:00:00
54,55,27.866,85.81200000000001,5.0,Sankhuwasabha,1998-06-27 11:00:00
55,54,29.551,81.247,5.1,Bajhang,1998-07-15 11:00:00
56,53,27.873,86.964,5.6,Solukhumbu,1998-09-03 11:00:00
57,52,27.796999999999997,87.015,4.7,Solukhumbu,1998-09-06 11:00:00
58,51,27.444000000000003,88.33,5.0,Taplejung,1998-09-10 11:00:00
59,50,28.076999999999998,85.66,4.9,Sindhupalchowk,1998-10-16 11:00:00
60,49,27.859,87.814,5.4,Taplejung,1998-11-26 11:00:00
61,69,28.61,83.348,4.7,Myagdi,1999-02-11 11:00:00
62,68,29.866999999999997,80.618,4.6,Darchula,1999-02-19 11:00:00
63,67,27.934,85.834,4.8,Sindhupalchowk,1999-03-19 11:00:00
65,65,29.596,81.226,4.4,Bajhang,1999-04-07 11:00:00
66,64,27.795,86.208,5.7,Dolakha,1999-08-10 11:00:00
67,63,28.156999999999996,84.742,4.5,Gorkha,1999-08-25 11:00:00
68,62,27.38,87.897,4.5,Taplejung,1999-09-20 11:00:00
69,61,30.159000000000002,81.563,4.6,Humla,1999-12-11 11:00:00
70,79,27.928,86.06,4.8,Sindhupalchowk,2000-01-20 11:00:00
71,78,27.378,88.059,4.6,Taplejung,2000-01-25 11:00:00
72,77,28.616999999999997,82.314,5.1,Jajarkot,2000-02-26 11:00:00
73,74,29.77,81.41,4.2,Bajhang,2000-03-13 11:00:00
74,75,27.99,87.42,5.0,Taplejung,2000-03-13 11:00:00
75,76,27.73,87.71,5.1,Sankhuwasabha,2000-03-13 11:00:00
76,73,27.76,87.55,4.2,Sankhuwasabha,2000-03-17 11:00:00
77,72,28.07,83.29,4.2,Arghanchi,2000-06-02 11:00:00
78,71,28.070999999999998,85.334,4.5,Nuwakot,2000-09-02 11:00:00
79,70,27.84,87.71,4.1,Taplejung,2000-12-31 11:00:00
81,93,27.805999999999997,86.171,4.8,Dolakha,2001-04-04 11:00:00
82,92,29.458000000000002,81.4,4.4,Bajura,2001-04-15 11:00:00
83,91,29.506999999999998,81.39399999999999,4.3,Bajhang,2001-07-11 11:00:00
84,90,27.97,84.68,5.9,Gorkha,2001-07-16 11:00:00
85,89,28.29,84.27,4.8,Lamjung,2001-07-16 11:00:00
86,88,29.820999999999998,80.64399999999999,5.0,Darchula,2001-09-13 11:00:00
87,87,26.98,87.78,4.8,Udayapur,2001-09-27 11:00:00
88,86,29.56,81.46,4.7,Humla,2001-10-27 11:00:00
89,85,29.53,81.81,5.8,Mugu,2001-11-27 11:00:00
90,84,29.63,81.79,5.7,Mugu,2001-11-27 11:00:00
91,83,29.52,81.99,5.2,Mugu,2001-11-27 11:00:00
92,82,29.59,81.77,4.5,Mugu,2001-11-28 11:00:00
93,81,29.58,81.8,4.8,Mugu,2001-12-18 11:00:00
95,111,27.72,86.37,4.1,Dolakha,2002-02-03 11:00:00
96,110,27.46,86.17399999999999,4.0,Ramechhap,2002-04-09 11:00:00
97,109,26.87,86.31,4.0,Udayapur,2002-04-15 11:00:00
98,108,27.67,86.67,5.2,Solukhumbu,2002-05-02 11:00:00
99,107,28.79,80.53,4.0,Kanchanpur,2002-06-04 11:00:00
101,105,28.86,80.75,4.0,Kailali,2002-06-05 11:00:00
102,104,28.77,81.12,4.0,Kailali,2002-06-07 11:00:00
103,103,28.23,84.86,4.0,Dhading,2002-06-13 11:00:00
105,101,27.17,84.82,4.1,Parsa,2002-07-02 11:00:00
106,100,27.75,87.36,4.3,Sankhuwasava,2002-07-16 11:00:00
107,99,26.97,86.4,4.1,Udayapur,2002-08-11 11:00:00
108,98,28.98,80.75,4.1,Kailali,2002-09-09 11:00:00
109,97,28.18,83.9,4.1,Kaski,2002-10-09 11:00:00
110,96,28.28,83.94,4.0,Kaski,2002-10-11 11:00:00
111,95,29.61,81.56,4.4,Bajura,2002-11-20 11:00:00
116,126,27.79,87.97,4.8,Taplejung,2003-06-23 11:00:00
117,125,28.75,82.52,4.5,Rukum,2003-07-28 11:00:00
118,124,29.51,82.1,4.4,Mugu,2003-08-02 11:00:00
119,123,27.99,86.03,4.2,Sidhupalchowk,2003-08-05 11:00:00
120,122,28.99,81.96,4.3,Dailekh,2003-09-24 11:00:00
121,121,27.52,87.86,4.6,Taplejung,2003-09-29 11:00:00
122,120,27.26,86.69,4.0,Khotang,2003-10-29 11:00:00
123,119,27.78,86.16,4.1,Dolakha,2003-11-05 11:00:00
124,118,28.47,83.91,5.0,Kaski,2003-11-22 11:00:00
125,117,28.3,83.88,4.4,Kaski,2003-11-23 11:00:00
126,116,28.45,83.94,4.5,Kaski,2003-11-23 11:00:00
127,115,28.41,83.97,3.6,Kaski,2003-11-23 11:00:00
128,114,28.4,83.93,4.0,Kaski,2003-12-05 11:00:00
129,113,29.85,80.54,4.1,Darchula,2003-12-11 11:00:00
130,112,27.06,87.97,4.2,Illam,2003-12-19 11:00:00
131,150,27.76,86.07,4.5,"Listikot, Sindhupalchok",2004-01-03 11:00:00
132,151,27.87,86.06,5.5,"Listikot, Sindhupalchok",2004-01-03 11:00:00
133,149,28.07,85.0,4.0,"Darkha, Dhading",2004-01-07 11:00:00
134,148,29.32,81.53,4.1,"Tolideval, Bajura",2004-02-02 11:00:00
135,147,29.67,80.88,4.3,"Brahmajali, Bhajhang",2004-02-14 11:00:00
136,146,27.61,87.8,4.7,"Amjilesa, Taplejung",2004-02-18 11:00:00
137,145,27.67,87.82,4.1,"Amjilesa, Taplejung",2004-03-17 11:00:00
138,144,27.18,87.63,4.6,"Isabun,Terathum",2004-03-31 11:00:00
139,141,28.58,82.96,4.3,"Niseldhar, Baglung",2004-05-29 11:00:00
140,142,28.55,82.96,4.9,"Niseldhar, Baglung",2004-05-29 11:00:00
141,143,28.59,82.98,4.3,"Niseldhar, Baglung",2004-05-29 11:00:00
142,140,28.32,84.06,4.6,"Ghalegaun, Kaski",2004-07-16 11:00:00
143,139,27.96,85.88,4.5,"Listikot, Sindhupalchok",2004-07-20 11:00:00
144,138,28.03,85.24,4.1,"Kaseri, Rasuwa",2004-08-22 11:00:00
145,137,27.87,85.93,4.2,"Listikot, Sindhupalchowk",2004-09-02 11:00:00
146,136,29.51,81.84,4.4,"Shirkot, Mugu",2004-09-12 11:00:00
147,135,26.83,86.55,4.1,"Simle, Udayapur",2004-10-05 11:00:00
148,134,28.77,82.95,4.4,RahalGaun/Rukum,2004-11-09 11:00:00
149,133,28.26,84.67,4.1,"Kharibot, Lamjung",2004-11-17 11:00:00
150,132,29.9,81.63,4.3,"Sain, Bajura",2004-12-26 11:00:00
151,131,27.76,86.2,4.2,"Nagpa, Dolakaha",2004-12-27 11:00:00
152,173,29.81,81.04,4.5,Bajhang,2005-01-16 11:00:00
153,172,29.68,81.14,5.0,Bajhang,2005-01-16 11:00:00
154,171,27.76,86.07,5.0,Dolakha,2005-02-08 11:00:00
155,170,28.27,84.39,5.0,Lamjung,2005-03-05 11:00:00
156,169,28.25,84.39,5.4,Lamjung,2005-03-19 11:00:00
157,165,28.15,84.37,4.0,Lamjung,2005-03-29 11:00:00
158,168,28.11,84.77,4.4,Gorkha,2005-03-29 11:00:00
159,167,28.14,84.8,4.1,Gorkha,2005-03-29 11:00:00
160,166,28.04,84.74,4.0,Gorkha,2005-03-29 11:00:00
161,163,28.54,83.31,4.1,Myagdi,2005-04-04 11:00:00
162,164,28.56,83.18,4.1,Myagdi,2005-04-04 11:00:00
163,162,29.35,81.88,4.2,Kalikot,2005-04-07 11:00:00
164,161,27.92,85.71,4.1,Sindhupalchowk,2005-04-15 11:00:00
165,160,27.69,87.7,4.1,Taplejung,2005-05-05 11:00:00
167,158,27.47,86.842,4.3,Solukhumbu,2005-07-27 11:00:00
168,157,27.98,85.51,4.2,Sindhupalchowk,2005-08-08 11:00:00
169,156,27.31,87.22,5.3,Sankhuwasava,2005-08-28 11:00:00
170,155,29.5,81.88,5.1,Mugu,2005-10-29 11:00:00
171,154,29.64,82.06,5.1,Mugu,2005-10-31 11:00:00
172,153,28.65,84.83,4.5,Gorkha,2005-10-31 11:00:00
173,152,29.61,82.02,5.1,Mugu,2005-11-06 11:00:00
174,183,27.18,86.8,5.4,Khotang,2006-02-03 11:00:00
175,182,28.24,83.89,4.7,Baglung,2006-02-19 11:00:00
176,181,27.91,85.83,4.6,Sindhupalchowk,2006-04-04 11:00:00
177,180,29.43,81.26,4.8,Bajhang,2006-05-05 11:00:00
178,179,27.89,85.7,4.3,Sindhupalchowk,2006-08-15 11:00:00
179,178,29.05,83.6,4.3,Mustang,2006-08-30 11:00:00
180,177,26.98,87.8,4.2,Illam,2006-09-17 11:00:00
181,176,29.62,81.54,5.0,Bajura,2006-09-19 11:00:00
182,175,30.1,80.83,4.5,Darchula,2006-09-26 11:00:00
183,174,27.21,87.63,4.2,Tehrathum,2006-11-11 11:00:00
184,206,30.1,81.05,4.2,Darchula,2007-02-05 11:00:00
185,205,28.35,83.43,4.1,Myagdi,2007-02-06 11:00:00
186,204,28.36,83.43,4.2,Myagdi,2007-02-06 11:00:00
187,203,29.83,81.45,5.0,Bajhang,2007-02-15 11:00:00
188,202,29.47,81.73,4.5,Bajhang,2007-03-10 11:00:00
189,201,27.5,88.08,4.6,Nepal-India Border,2007-05-16 11:00:00
190,200,27.44,83.89,4.2,Nepal-India Border,2007-06-04 11:00:00
191,199,27.83,84.91,4.3,Dhading,2007-06-17 11:00:00
192,198,28.08,85.3,4.0,Rasuwa,2007-07-07 11:00:00
193,197,27.27,87.02,4.1,Bhojpur,2007-07-30 11:00:00
194,196,29.49,81.91,4.6,Mugu,2007-08-01 11:00:00
195,192,27.21,87.97,4.4,Panchthar,2007-08-03 11:00:00
196,193,27.24,87.02,4.0,Bhojpur,2007-08-03 11:00:00
197,194,27.2,87.04,4.3,Bhojpur,2007-08-03 11:00:00
198,195,27.24,87.03,4.5,Bhojpur,2007-08-03 11:00:00
199,191,27.84,85.69,4.1,Sindhupalchowk,2007-08-06 11:00:00
200,190,27.28,87.9,5.2,Taplejung,2007-08-11 11:00:00
201,189,27.72,86.26,4.1,Dolakha,2007-09-07 11:00:00
202,188,28.05,85.33,4.2,Rasuwa,2007-09-07 11:00:00
203,187,27.75,86.12,4.0,Dolakha,2007-10-12 11:00:00
204,186,27.9,85.45,5.0,Nuwakot,2007-10-29 11:00:00
205,185,28.2,84.45,4.5,Lamjung,2007-11-05 11:00:00
206,184,28.05,85.28,4.1,Rasuwa,2007-12-01 11:00:00
207,230,27.37,86.53,4.1,Okhaldhunga,2008-01-15 11:00:00
208,229,27.8,86.53,4.1,Taplejung,2008-02-14 11:00:00
209,228,26.8,86.25,4.2,Siraha,2008-02-16 11:00:00
210,227,29.69,81.76,4.4,Humla,2008-03-02 11:00:00
211,226,29.76,81.53,4.6,Bajhang-Bajura border,2008-03-17 11:00:00
212,225,27.5,87.52,4.2,Taplejung,2008-05-08 11:00:00
213,224,28.33,83.33,4.3,Baglung,2008-05-20 11:00:00
214,223,27.8,85.91,4.1,Sindhupalchowk,2008-06-02 11:00:00
215,222,29.73,80.96,5.0,Darchula,2008-06-15 11:00:00
216,221,27.98,85.73,4.8,Sindhupalchowk,2008-06-20 11:00:00
217,220,28.18,85.29,4.4,Bajura,2008-08-02 11:00:00
218,219,28.4,83.01,4.1,Baglung,2008-09-10 11:00:00
219,218,27.47,87.71,4.5,Taplejung,2008-10-07 11:00:00
220,217,28.18,85.29,4.8,Rasuwa,2008-12-01 11:00:00
221,214,27.3,87.99,4.0,Taplejung,2008-12-02 11:00:00
222,215,27.29,87.92,4.3,Taplejung,2008-12-02 11:00:00
223,216,27.34,87.92,4.1,Taplejung,2008-12-02 11:00:00
224,213,27.3,88.03,4.0,Taplejung,2008-12-02 11:00:00
225,212,27.32,87.99,5.4,Taplejung,2008-12-02 11:00:00
226,211,30.15,81.86,6.0,Humla,2008-12-08 11:00:00
227,210,30.1,81.91,4.4,Humla,2008-12-19 11:00:00
228,209,28.19,84.39,4.4,Lamjung,2008-12-23 11:00:00
229,208,30.09,81.9,4.5,Humla,2008-12-26 11:00:00
230,207,30.13,82.03,4.0,Humla,2008-12-29 11:00:00
231,248,27.9,88.04,4.2,Taplejung,2009-01-10 11:00:00
232,247,29.05,81.4,4.2,Achham,2009-01-23 11:00:00
233,246,27.41,87.8,4.5,Taplejung,2009-03-08 11:00:00
234,245,28.43,84.42,4.1,Lamjung,2009-03-12 11:00:00
235,244,28.3,84.55,4.0,Lamjung,2009-04-13 11:00:00
236,243,28.25,84.54,4.3,Lamjung,2009-04-13 11:00:00
237,241,27.43,87.35,4.2,Sankhuwasava,2009-05-14 11:00:00
238,242,27.48,87.36,4.6,Sankhuwasava,2009-05-14 11:00:00
239,240,27.71,86.36,4.3,Dolakha,2009-07-12 11:00:00
240,239,28.12,85.18,4.0,Rasuwa,2009-08-02 11:00:00
241,238,29.81,82.05,4.3,Humla,2009-09-26 11:00:00
242,237,28.73,83.11,4.1,Rukum,2009-10-29 11:00:00
243,236,30.1,81.81,4.5,Humla,2009-11-01 11:00:00
244,235,27.87,87.94,4.0,Taplejung,2009-11-02 11:00:00
245,234,30.11,81.91,4.3,Humla,2009-11-08 11:00:00
246,233,29.02,82.15,4.5,Jajarkot,2009-11-22 11:00:00
247,232,28.28,84.4,4.1,Lamjung,2009-12-15 11:00:00
248,231,29.6,81.51,4.6,Bajura,2009-12-16 11:00:00
249,267,28.37,83.97,4.1,Kaski,2010-01-18 11:00:00
250,266,26.79,86.08,4.1,Dhanusa,2010-02-17 11:00:00
251,265,29.78,81.52,4.6,Bajhang,2010-02-25 11:00:00
252,264,28.4,81.52,4.1,Baglung,2010-02-28 11:00:00
253,263,29.76,83.11,4.3,Bajura,2010-03-01 11:00:00
254,262,29.37,81.34,4.5,Bajura,2010-04-13 11:00:00
255,261,28.31,83.09,4.2,Baglung,2010-04-14 11:00:00
256,260,27.75,86.36,4.0,Dolakha,2010-04-30 11:00:00
257,259,28.3,84.51,4.2,Lamjung,2010-05-13 11:00:00
258,256,29.4,81.38,4.5,Bajura,2010-06-13 11:00:00
259,257,28.01,86.77,4.0,Solukhumbu,2010-06-13 11:00:00
260,258,29.6,81.65,4.8,Bajura,2010-06-13 11:00:00
261,255,28.23,84.37,4.0,Lamjung,2010-09-01 11:00:00
263,252,28.38,82.32,4.5,Salyan,2010-11-25 11:00:00
264,253,28.44,83.17,4.7,Baglung,2010-11-25 11:00:00
265,251,26.93,85.79,4.4,Mahottari,2010-11-30 11:00:00
266,250,29.57,81.699,4.2,Bajura,2010-12-05 11:00:00
267,249,28.18,84.79,4.1,Gorkha,2010-12-18 11:00:00
268,309,30.03,81.97,4.1,Humla,2011-01-18 11:00:00
269,308,27.8,85.94,4.3,Sindhupalchowk,2011-01-18 11:00:00
270,307,27.47,87.01,4.7,Bhojpur-Sankhuwasabha border,2011-02-13 11:00:00
271,306,27.57,87.01,4.2,Sankhuwasabha,2011-02-22 11:00:00
272,305,28.02,85.24,4.3,Rasuwa,2011-03-10 11:00:00
273,304,28.31,83.8,4.3,Kaski,2011-03-11 11:00:00
274,303,28.31,83.78,4.4,Kaski,2011-03-12 11:00:00
275,301,28.11,82.74,4.2,Pyuthan,2011-03-22 11:00:00
276,302,28.35,83.96,4.0,Kaski,2011-03-22 11:00:00
277,299,29.92,80.54,5.7,Darchula,2011-04-04 11:00:00
278,300,30.0,80.81,4.1,Darchula,2011-04-04 11:00:00
279,298,29.74,80.37,4.1,Darchula,2011-04-05 11:00:00
280,297,27.93,85.61,4.1,Sindhupalchowk,2011-04-07 11:00:00
281,296,27.6,88.03,5.2,Taplejung,2011-06-03 11:00:00
282,295,28.41,82.66,4.2,Rolpa,2011-06-11 11:00:00
283,294,28.4,82.55,4.1,Rolpa,2011-06-11 11:00:00
284,293,30.24,81.48,4.2,Humla,2011-06-17 11:00:00
285,292,27.83,87.35,4.3,Sankhuwasabha,2011-06-18 11:00:00
286,291,27.28,87.3,4.5,Sankhuwasabha,2011-07-15 11:00:00
287,290,27.19,86.76,4.2,Khotang,2011-07-29 11:00:00
288,289,27.35,86.35,4.0,Khotang,2011-08-02 11:00:00
289,288,29.9,81.31,4.3,Bajhang,2011-08-09 11:00:00
290,287,27.44,86.27,5.0,Ramechhap,2011-08-15 11:00:00
291,286,28.21,84.31,4.0,Lamjung,2011-08-18 11:00:00
292,285,29.7,81.34,4.9,Bajhang,2011-08-19 11:00:00
293,284,28.29,83.96,4.0,Kaski,2011-08-22 11:00:00
294,283,28.15,82.53,4.4,Rolpa,2011-08-25 11:00:00
295,282,26.94,86.6,5.0,Udayapur,2011-08-27 11:00:00
296,281,27.78,88.32,6.8,Taplejung-Sikkim Border,2011-09-18 11:00:00
297,280,30.16,81.81,4.7,Humla,2011-10-01 11:00:00
298,279,29.55,81.68,4.2,Bajura,2011-10-02 11:00:00
299,278,28.34,83.66,4.0,Parbat,2011-11-04 11:00:00
300,277,27.94,85.55,4.1,Sindhupalchowk,2011-11-08 11:00:00
301,276,28.2,84.93,5.0,Gorkha,2011-11-13 11:00:00
302,275,27.7,86.1,4.1,Dolakha,2011-11-19 11:00:00
303,274,28.91,81.68,4.2,Dailekh,2011-11-23 11:00:00
304,273,28.05,85.34,4.2,Rasuwa,2011-12-02 11:00:00
305,272,27.97,82.86,4.0,Pyuthan,2011-12-08 23:25:00
306,271,27.83,88.13,4.2,Taplejung,2011-12-09 04:42:00
307,270,27.72,88.09,4.9,Taplejung,2011-12-14 02:05:00
308,269,27.73,88.16,4.6,Taplejung,2011-12-18 03:20:00
309,268,29.62,81.53,4.0,Bajura,2011-12-30 07:55:00
310,346,28.89,81.89,4.2,Dailekh,2012-01-11 14:44:00
311,345,26.63,86.4,4.5,Siraha,2012-01-18 17:01:00
312,344,29.73,81.91,4.6,Humla,2012-01-19 06:31:00
313,343,26.84,86.43,4.0,Siraha,2012-01-24 09:52:00
314,342,27.25,88.07,4.0,Panchthar,2012-02-05 01:51:00
315,341,27.38,88.11,4.5,Taplejung-Sikkim Border,2012-02-14 19:26:00
316,340,27.33,88.03,4.4,Taplejung,2012-02-14 19:33:00
317,338,29.71,81.02,4.4,Bajhang-Darchula border,2012-02-26 04:41:00
318,339,29.86,81.05,4.9,Bajhang-Darchula border,2012-02-26 04:53:00
319,337,28.7,82.02,4.7,Karkigaun-Jajarkot,2012-03-19 02:21:00
321,335,29.55,81.24,4.3,Bajhang,2012-04-11 08:37:00
322,334,28.5,82.06,4.2,Salyan,2012-04-17 04:58:00
323,333,27.31,87.88,4.2,Taplejung,2012-05-30 15:19:00
324,332,28.32,84.17,5.1,Kaski,2012-06-09 13:39:00
325,331,27.25,88.0,4.5,Panchthar - Sikkim border,2012-06-11 10:20:00
326,330,28.99,81.58,4.2,Dailekh,2012-06-15 22:00:00
327,329,27.27,88.05,4.0,Panchthar - Sikkim border,2012-07-01 13:39:00
328,328,29.43,81.03,4.9,Southern Bajhang,2012-07-11 23:08:00
330,326,28.58,82.48,5.0,Southern Rukum,2012-07-31 17:35:00
331,325,28.53,82.42,4.8,Southern Rukum,2012-07-31 17:43:00
332,324,28.55,82.37,4.2,Southern Rukum,2012-07-31 17:50:00
333,323,27.77,88.13,4.2,Northern Taplejung,2012-08-06 07:38:00
334,322,28.38,82.84,5.6,Rolpa - Rukum border region,2012-08-23 22:15:00
335,321,28.39,82.73,4.4,Rolpa,2012-08-23 22:27:00
336,319,28.38,82.66,4.4,Rolpa,2012-08-24 06:02:00
337,320,28.42,82.75,5.2,Rolpa-Rukum border region,2012-08-24 09:40:00
338,318,28.73,81.81,4.4,Southeastern Dailekh,2012-08-28 14:16:00
339,317,28.4,82.79,4.3,Northern Rolpa,2012-08-29 01:39:00
340,316,28.61,82.43,4.5,Southern Rukum,2012-08-30 19:56:00
341,315,28.59,82.41,4.4,Southern Rukum,2012-09-17 15:30:00
342,314,27.95,87.86,4.5,Around Kanchanjunga,2012-10-22 12:41:00
343,313,29.51,81.13,5.6,Southern Bajhang,2012-11-11 00:24:00
344,312,29.55,81.31,4.5,Bajhang,2012-11-12 18:27:00
345,311,28.88,82.34,4.0,North East Jajarkot,2012-12-04 08:46:00
346,310,28.27,82.84,4.5,Rolpa and Pyuthan border,2012-12-22 11:50:00
347,371,29.41,81.0,4.7,Bajhang and Doti border,2013-01-02 23:27:00
348,370,29.82,81.7,5.5,Northern part of Bajura,2013-01-09 13:29:00
349,369,26.84,86.22,4.0,Siraha,2013-01-13 23:20:00
350,368,29.48,81.26,4.5,Bajhang,2013-01-18 02:44:00
351,367,29.42,81.05,4.0,Bajhang,2013-02-07 06:53:00
352,366,28.39,83.18,4.1,Baglung,2013-02-22 08:26:00
353,365,28.57,82.27,5.4,Rukum,2013-03-06 22:34:00
354,364,26.74,86.08,4.2,Dhanusha,2013-03-17 17:44:00
355,363,29.87,81.26,4.9,Northern Bajhang,2013-04-28 00:13:00
356,362,29.56,82.0,4.3,Mugu,2013-05-14 08:58:00
357,361,29.68,82.0,4.4,Mugu,2013-05-14 09:03:00
358,360,29.65,81.98,4.5,Western Mugu,2013-05-14 15:44:00
359,359,27.72,85.91,4.2,Sindhupalchok,2013-05-26 23:23:00
360,358,29.74,81.6,4.5,Northern Bajura,2013-05-31 11:49:00
361,357,27.31,86.7,4.2,Northern Khotang,2013-06-09 21:56:00
362,356,26.85,85.96,4.4,Dhanusha,2013-06-26 04:07:00
363,355,30.05,80.8,4.4,Darchula,2013-06-27 12:05:00
364,354,28.76,82.4,5.5,Rukum,2013-06-28 17:25:00
366,352,26.96,87.34,4.5,Dhankuta,2013-09-12 10:14:00
367,351,30.25,81.55,4.4,Humla,2013-09-22 20:20:00
369,349,30.08,81.74,4.5,Humla,2013-10-13 03:28:00
370,348,27.36,87.37,4.3,Sankhuwasava,2013-10-28 07:22:00
371,347,29.56,81.68,4.3,Bajura,2013-11-03 12:32:00
372,382,30.11,81.93,4.4,Humla,2014-03-31 13:36:00
373,381,29.29,81.26,4.2,Achham,2014-04-11 23:07:00
374,380,27.3,87.62,4.0,Taplejung,2014-04-23 12:59:00
375,379,28.32,84.73,4.3,Gorkha,2014-05-20 00:21:00
376,378,28.23,84.09,4.1,Kaski,2014-05-25 08:31:00
377,377,27.83,87.91,4.6,Taplejung,2014-07-04 11:43:00
378,376,29.73,80.93,4.2,Bajhang-Darchula border,2014-07-07 22:22:00
380,374,27.76,88.05,4.5,Taplejung,2014-09-17 16:14:00
381,373,28.25,84.94,4.5,Gorkha,2014-11-25 21:34:00
382,372,27.73,86.52,5.9,Solukhumbu,2014-12-18 21:17:00
383,827,29.07,81.51,4.5,Dailekh,2015-01-06 07:11:00
384,826,29.36,81.03,4.4,Doti,2015-01-22 15:12:00
385,825,28.29,83.73,5.5,Kaski,2015-01-31 01:29:00
386,824,27.42,87.01,4.5,Bhojpur,2015-02-14 04:36:00
387,823,28.85,82.18,5.1,Jajarkot,2015-04-21 01:37:00
388,822,28.8,81.92,4.5,Jajarkot,2015-04-22 12:59:00
389,821,28.4,83.99,4.1,Kaski,2015-04-23 07:42:00
390,808,27.69,86.02,4.9,Dolakha,2015-04-25 01:06:00
391,820,27.68,85.32,4.1,Kathmandu,2015-04-25 01:32:00
392,819,27.73,85.9,4.7,Sindhupalchowk,2015-04-25 01:40:00
393,818,28.05,85.25,4.1,Rasuwa,2015-04-25 01:53:00
394,809,27.6,86.09,4.5,Dolakha,2015-04-25 02:06:00
395,817,27.73,85.9,5.0,Sindhupalchowk,2015-04-25 02:10:00
396,816,28.14,85.16,4.4,Rasuwa,2015-04-25 02:21:00
397,815,27.95,85.56,4.2,Sindhupalchowk,2015-04-25 02:47:00
398,814,27.92,85.64,5.3,Sindhupalchowk,2015-04-25 03:57:00
399,813,27.8,85.29,4.0,Nuwakot,2015-04-25 04:16:00
400,812,27.77,85.83,4.1,Sindhupalchowk,2015-04-25 05:04:00
401,811,27.9,85.53,4.0,Sindhupalchowk,2015-04-25 05:09:00
402,810,27.78,85.17,4.0,Nuwakot,2015-04-25 05:10:00
404,802,28.1,85.27,4.0,Rasuwa,2015-04-25 05:25:00
405,803,27.78,85.98,4.1,Sindhupalchowk,2015-04-25 05:31:00
406,794,28.24,84.75,7.6,Gorkha,2015-04-25 11:56:00
408,795,28.28,84.72,6.6,Gorkha,2015-04-25 12:30:00
409,796,28.13,85.65,5.7,Rasuwa,2015-04-25 12:41:00
410,797,28.2,85.75,5.3,Rasuwa,2015-04-25 12:53:00
412,798,27.78,85.84,5.2,Sindhupalchowk,2015-04-25 14:02:00
413,799,27.9,84.86,5.1,Dhading,2015-04-25 14:05:00
414,791,28.18,84.95,5.2,Gorkha,2015-04-25 14:14:00
415,790,27.65,85.63,5.7,Kabre,2015-04-25 14:40:00
416,789,27.91,85.33,5.3,Nuwakot,2015-04-25 14:48:00
417,781,28.0,85.6,5.5,Sindhupalchowk,2015-04-25 15:15:00
418,792,28.29,85.16,4.6,Rasuwa,2015-04-25 15:28:00
419,793,27.87,85.8,4.1,Sindhupalchowk,2015-04-25 16:08:00
420,784,27.86,85.85,4.0,Sindhupalchowk,2015-04-25 16:25:00
421,785,27.91,85.5,4.6,Sindhupalchowk,2015-04-25 16:50:00
422,786,28.14,85.28,4.1,Rasuwa,2015-04-25 17:26:00
423,787,28.0,85.4,4.9,Nuwakot,2015-04-25 18:02:00
424,807,27.82,86.05,4.5,Dolakha,2015-04-25 18:24:00
425,788,28.16,84.71,5.5,Gorkha,2015-04-25 18:29:00
426,800,28.1,85.2,4.7,Rasuwa,2015-04-25 19:15:00
427,801,27.79,85.16,4.1,Nuwakot,2015-04-25 19:38:00
428,782,28.29,85.16,4.6,Rasuwa,2015-04-25 21:13:00
429,783,27.87,85.8,4.1,Sindhupalchowk,2015-04-25 21:53:00
430,772,27.89,85.6,5.0,Sindhupalchowk,2015-04-26 00:41:00
431,771,27.68,85.95,4.0,Dolakha,2015-04-26 00:53:00
432,763,27.79,85.15,4.0,Nuwakot,2015-04-26 02:02:00
433,764,27.72,85.97,4.5,Sindhupalchowk,2015-04-26 02:14:00
434,765,28.31,84.97,4.5,Gorkha,2015-04-26 02:27:00
435,766,27.65,85.97,4.0,Dolakha,2015-04-26 03:32:00
436,767,27.67,85.3,4.0,Kathmandu,2015-04-26 03:53:00
437,768,27.95,85.87,5.3,Sindhupalchowk,2015-04-26 03:55:00
438,769,27.83,86.06,4.0,Dolakha,2015-04-26 04:27:00
439,770,27.91,85.55,4.2,Sindhupalchowk,2015-04-26 05:36:00
440,753,27.94,85.55,4.1,Sindhupalchowk,2015-04-26 05:59:00
441,754,27.71,85.43,4.6,Kathmandu,2015-04-26 06:28:00
442,755,27.93,85.56,4.1,Sindhupalchowk,2015-04-26 07:14:00
443,756,28.05,85.35,4.0,Rasuwa,2015-04-26 07:34:00
444,757,28.14,84.71,4.2,Gorkha,2015-04-26 07:37:00
445,758,27.93,85.56,4.4,Sindhupalchowk,2015-04-26 07:41:00
446,759,28.25,85.83,4.0,Rasuwa,2015-04-26 07:53:00
447,760,28.24,84.82,4.3,Gorkha,2015-04-26 07:59:00
448,751,27.6,85.96,4.8,Sindhupalchowk,2015-04-26 08:02:00
449,743,27.98,84.99,4.0,Gorkha,2015-04-26 08:34:00
450,752,27.82,85.8,4.8,Sindhupalchowk,2015-04-26 08:37:00
451,744,27.99,85.02,5.5,Nuwakot,2015-04-26 10:46:00
452,745,27.69,85.25,4.0,Kathmandu,2015-04-26 11:10:00
453,746,27.67,86.07,4.5,Dolakha,2015-04-26 11:11:00
454,747,28.05,85.34,4.0,Rasuwa,2015-04-26 11:17:00
455,748,27.67,85.28,4.0,Kathmandu,2015-04-26 11:45:00
456,749,27.84,85.12,4.0,Nuwakot,2015-04-26 12:01:00
457,750,28.32,84.73,4.5,Gorkha,2015-04-26 14:28:00
458,761,27.8,85.16,5.1,Nuwakot,2015-04-26 14:40:00
459,762,27.64,85.63,5.0,Kavre,2015-04-26 14:51:00
460,773,28.04,85.5,4.5,Sindhupalchowk,2015-04-26 16:20:00
461,774,28.26,85.02,4.8,Gorkha,2015-04-26 16:28:00
462,775,27.84,86.05,6.9,Dolakha,2015-04-26 18:39:00
463,776,27.75,85.94,5.3,Sindhupalchowk,2015-04-26 18:57:00
465,778,27.79,86.0,4.8,Sindhupalchowk,2015-04-26 20:10:00
466,779,27.97,85.81,4.5,Sindhupalchowk,2015-04-26 20:16:00
467,780,27.77,85.91,4.5,Sindhupalchowk,2015-04-26 21:12:00
468,740,27.67,85.29,4.5,Kathmandu,2015-04-27 03:21:00
469,739,27.82,85.89,4.2,Sindhupalchowk,2015-04-27 04:24:00
470,738,28.19,85.03,4.0,Dhading,2015-04-27 05:15:00
471,734,28.26,85.1,4.5,Rasuwa,2015-04-27 06:24:00
472,733,27.75,85.2,4.1,Kathmandu,2015-04-27 09:22:00
473,732,27.56,85.73,4.2,Kavrepalanchowk,2015-04-27 10:00:00
474,731,27.57,85.74,4.5,Kavrepalanchowk,2015-04-27 10:02:00
475,730,27.82,85.76,4.4,Sindhupalchowk,2015-04-27 10:12:00
476,735,27.77,85.12,4.7,Nuwakot,2015-04-27 12:09:00
477,736,27.67,85.55,4.2,Kavrepalanchowk,2015-04-27 14:03:00
478,737,28.24,85.23,4.3,Rasuwa,2015-04-27 15:44:00
479,742,27.93,85.86,4.0,Sindhupalchowk,2015-04-27 15:50:00
480,741,27.8,85.12,4.0,Nuwakot,2015-04-27 21:02:00
481,729,28.2,84.78,4.0,Gorkha,2015-04-28 03:52:00
482,718,28.29,84.93,4.8,Gorkha,2015-04-28 06:29:00
483,719,27.92,85.51,4.2,Sindhupalchowk,2015-04-28 08:44:00
484,720,27.89,85.76,4.2,Sindhupalchowk,2015-04-28 08:57:00
485,721,28.1,84.65,4.2,Gorkha,2015-04-28 09:56:00
486,722,28.1,85.49,4.9,Sindhupalchok,2015-04-28 10:50:00
487,723,27.81,86.09,4.2,Dolakha,2015-04-28 13:30:00
488,724,27.76,85.8,4.0,Sindhupalchowk,2015-04-28 14:25:00
489,725,27.96,85.55,4.0,Sindhupalchowk,2015-04-28 17:53:00
490,726,27.83,85.83,4.0,Sindhupalchowk,2015-04-28 20:55:00
491,727,27.78,85.17,4.0,Nuwakot,2015-04-28 22:29:00
492,728,27.88,85.88,4.2,Sindhupalchowk,2015-04-28 22:48:00
493,717,28.19,84.8,4.4,Gorkha,2015-04-29 04:46:00
494,713,27.93,85.63,4.0,Sindhupalchowk,2015-04-29 10:34:00
495,714,27.79,85.14,4.2,Nuwakot,2015-04-29 11:39:00
496,712,28.04,85.37,4.0,Nuwakot,2015-04-29 19:02:00
497,715,27.86,84.89,4.5,Dhading,2015-04-29 21:09:00
498,716,27.95,85.52,4.5,Sindhupalchowk,2015-04-29 22:57:00
499,711,27.92,85.87,4.3,Sindhupalchowk,2015-04-30 05:04:00
500,708,27.93,84.83,4.7,Dhading,2015-04-30 12:07:00
501,709,28.05,85.34,4.7,Rasuwa,2015-04-30 14:16:00
502,710,27.65,86.09,4.1,Dolakha,2015-04-30 19:14:00
503,706,27.88,85.87,4.2,Sindhupalchowk,2015-05-01 02:12:00
504,707,28.04,85.32,4.0,Rasuwa,2015-05-01 05:44:00
505,701,27.7,85.98,4.2,Dolakha,2015-05-01 06:43:00
506,702,27.68,85.3,4.0,Kathmandu,2015-05-01 08:41:00
507,703,27.75,85.95,4.0,Sindhupalchowk,2015-05-01 16:20:00
508,704,28.04,85.33,4.5,Rasuwa,2015-05-01 17:13:00
509,705,27.74,85.99,4.0,Dolakha,2015-05-01 23:22:00
510,700,27.66,86.01,4.1,Dolakha,2015-05-02 02:46:00
511,695,27.95,85.73,4.2,Sindhupalchowk,2015-05-02 09:40:00
512,696,27.74,86.28,4.3,Dolakha,2015-05-02 11:40:00
513,697,27.93,85.5,4.2,Sindhupalchowk,2015-05-02 15:17:00
514,698,27.72,85.74,4.0,Sindhupalchowk,2015-05-02 16:58:00
515,699,28.24,84.76,5.1,Gorkha,2015-05-02 17:05:00
516,693,27.89,85.73,4.0,Sindhupalchowk,2015-05-03 00:43:00
517,694,28.09,85.72,4.2,Sindhupalchowk,2015-05-03 02:12:00
518,688,28.05,84.94,4.0,Dhading,2015-05-03 04:24:00
519,687,27.69,85.93,4.5,Sindhupalchowk,2015-05-03 09:14:00
520,689,28.08,85.04,4.0,Gorkha,2015-05-03 11:32:00
521,690,27.98,84.87,4.1,Dhading,2015-05-03 13:45:00
522,691,27.94,84.83,4.5,Dhading,2015-05-03 16:31:00
523,692,27.8,85.11,4.9,Nuwakot,2015-05-03 23:05:00
524,678,27.75,85.87,4.2,Sindhupalchowk,2015-05-04 10:44:00
525,679,27.69,85.99,4.3,Dolakha,2015-05-04 12:45:00
526,680,27.97,85.21,4.2,Nuwakot,2015-05-04 15:39:00
527,681,27.79,85.16,4.0,Nuwakot,2015-05-04 16:18:00
528,682,27.8,85.16,4.1,Nuwakot,2015-05-04 16:21:00
529,685,28.12,84.8,4.0,Gorkha,2015-05-04 19:02:00
530,683,27.79,86.23,4.7,Dolakha,2015-05-04 20:19:00
531,684,27.95,85.86,4.4,Sindhupalchowk,2015-05-04 21:25:00
532,686,27.74,86.0,4.2,Dolakha,2015-05-04 23:47:00
533,675,28.06,85.05,4.0,Dhading,2015-05-05 12:24:00
534,676,27.74,86.03,4.3,Dolakha,2015-05-05 22:08:00
535,677,27.96,86.0,4.2,Sindhupalchowk,2015-05-05 22:45:00
536,673,28.04,85.26,4.0,Rasuwa,2015-05-06 04:04:00
537,674,28.01,84.68,4.2,Gorkha,2015-05-06 23:47:00
538,672,27.92,85.46,4.0,Nuwakot,2015-05-07 04:00:00
539,670,27.75,85.19,4.2,Nuwakot,2015-05-07 09:26:00
540,671,27.79,85.16,4.0,Nuwakot,2015-05-07 13:41:00
541,669,27.94,85.58,4.0,Sindhupalchowk,2015-05-08 08:04:00
542,668,27.69,86.04,5.0,Dolakha,2015-05-08 12:02:00
543,667,27.75,85.91,4.2,Sindhupalchowk,2015-05-08 14:04:00
544,666,27.77,85.88,4.8,Sindhupalchowk,2015-05-08 19:17:00
545,665,28.01,85.41,4.2,Nuwakot,2015-05-08 20:50:00
546,664,28.04,85.2,4.1,Rasuwa,2015-05-09 08:53:00
548,661,26.94,86.67,4.0,Udayapur,2015-05-10 08:29:00
549,662,27.88,86.0,4.4,Sindhupalchowk,2015-05-10 12:19:00
550,660,28.02,85.25,4.0,Rasuwa,2015-05-10 16:53:00
551,659,27.65,85.56,4.2,kavre,2015-05-10 21:08:00
552,657,27.99,85.86,4.2,Sindhupalchowk,2015-05-11 02:20:00
553,658,27.91,85.75,4.0,Sindhupalchowk,2015-05-11 05:39:00
554,642,27.89,85.88,4.4,Sindhupalchok,2015-05-12 00:32:00
555,647,27.72,85.97,4.0,Dolakha,2015-05-12 00:38:00
556,646,27.78,85.85,4.3,Sindhupalchok,2015-05-12 01:13:00
557,645,27.84,86.23,4.4,Dolakha,2015-05-12 01:27:00
560,641,27.68,86.04,4.2,Dolakha,2015-05-12 04:02:00
561,640,27.58,86.41,4.3,Ramechhap,2015-05-12 04:58:00
562,637,28.1,84.91,4.0,Dhading,2015-05-12 05:52:00
563,636,28.16,84.9,4.1,Gorkha,2015-05-12 07:53:00
564,635,27.82,86.12,6.8,Dolakha,2015-05-12 18:35:00
565,631,27.84,86.17,5.8,Dolakha,2015-05-12 18:47:00
566,634,27.73,86.21,6.2,Dolakha,2015-05-12 19:06:00
567,630,27.69,86.24,5.0,Dolakha,2015-05-12 19:13:00
568,629,27.63,86.17,4.8,Dolakha,2015-05-12 19:18:00
569,628,27.68,86.04,4.3,Dolakha,2015-05-12 19:31:00
570,621,27.8,85.94,5.1,Sindhupalchok,2015-05-12 19:36:00
571,633,27.8,85.83,5.3,Sindhupalchok,2015-05-12 19:43:00
572,622,27.66,86.17,5.2,Dolakha,2015-05-12 19:51:00
573,623,27.79,86.11,5.0,Dolakha,2015-05-12 19:54:00
574,624,27.88,85.94,4.8,Sindhupalchok,2015-05-12 20:04:00
575,625,27.68,86.23,4.7,Dolakha,2015-05-12 20:05:00
576,626,27.69,86.21,4.7,Dolakha,2015-05-12 20:09:00
577,632,27.76,86.31,5.3,Dolakha,2015-05-12 20:29:00
578,627,27.8,86.12,4.7,Dolakha,2015-05-12 20:32:00
579,638,27.7,86.01,4.2,Dolakha,2015-05-12 20:59:00
580,639,27.8,85.95,4.2,Sindhupalchok,2015-05-12 21:14:00
581,656,27.68,86.03,4.4,Dolakha,2015-05-12 21:34:00
582,655,27.57,86.29,4.8,Ramechhap,2015-05-12 21:45:00
583,654,27.69,86.05,4.2,Dolakha,2015-05-12 22:01:00
584,653,27.73,86.11,5.0,Dolakha,2015-05-12 22:05:00
585,652,27.76,86.24,4.4,Dolakha,2015-05-12 22:11:00
586,651,27.62,86.16,4.7,Dolakha,2015-05-12 22:36:00
587,650,27.72,86.2,4.6,Dolakha,2015-05-12 22:51:00
588,649,27.71,86.0,4.3,Dolakha,2015-05-12 23:28:00
589,648,27.7,86.04,4.7,Dolakha,2015-05-12 23:58:00
590,615,27.64,85.7,4.0,Kavrepalanchok,2015-05-13 03:06:00
591,605,27.7,86.15,4.1,Dolakha,2015-05-13 03:21:00
592,606,27.68,85.3,4.2,Kathmandu,2015-05-13 07:52:00
593,607,27.91,84.82,5.9,Dhading,2015-05-13 08:55:00
594,617,27.85,85.92,4.2,Sindhupalchok,2015-05-13 09:27:00
595,608,27.82,86.47,4.3,Dolakha,2015-05-13 10:23:00
596,609,27.65,86.18,4.4,Dolakha,2015-05-13 13:53:00
597,610,27.75,86.25,4.4,Dolakha,2015-05-13 14:13:00
598,611,27.79,86.19,4.6,Dolakha,2015-05-13 16:18:00
599,612,27.69,86.11,4.7,Sindhupalchok,2015-05-13 17:56:00
600,613,27.79,86.07,4.8,Dolakha,2015-05-13 18:07:00
601,614,27.84,86.25,4.6,Dolakha,2015-05-13 18:19:00
602,620,27.68,86.17,5.1,Dolakha,2015-05-13 18:23:00
603,619,27.6,86.16,4.3,Dolakha,2015-05-13 20:15:00
604,618,27.85,86.29,4.0,Dolakha,2015-05-13 21:22:00
605,616,27.63,86.17,4.5,Dolakha,2015-05-13 22:29:00
606,599,27.75,86.14,4.0,Dolakha,2015-05-14 01:28:00
607,600,28.06,85.35,4.5,Rasuwa,2015-05-14 02:06:00
608,601,27.71,86.04,4.0,Dolakha,2015-05-14 02:35:00
609,602,27.84,85.84,4.0,Sindhupalchowk,2015-05-14 03:25:00
610,604,27.92,86.31,4.3,Dolakha,2015-05-14 06:01:00
611,603,27.66,86.07,4.1,Dolakha,2015-05-14 08:58:00
612,595,27.67,86.08,5.0,Dolakha,2015-05-14 09:08:00
613,596,27.8,85.82,4.0,Sindupalchok,2015-05-14 14:37:00
614,597,27.83,86.15,4.5,Dolakha,2015-05-14 14:51:00
615,598,27.62,86.09,4.2,Dolakha,2015-05-14 21:05:00
616,594,27.74,86.17,4.0,Dolakha,2015-05-15 04:43:00
617,589,27.63,86.25,4.1,Dolakha,2015-05-15 09:23:00
618,590,27.69,86.08,4.3,Dolakha,2015-05-15 09:51:00
619,591,27.93,84.84,5.5,Dhading,2015-05-15 13:12:00
620,592,27.92,84.84,4.0,Dhading,2015-05-15 16:36:00
621,593,27.61,86.2,4.5,Dolakha,2015-05-15 20:54:00
622,588,27.64,86.14,4.3,Dolakha,2015-05-16 02:29:00
623,580,28.07,84.7,4.0,Gorkha,2015-05-16 08:00:00
624,581,27.65,86.12,4.1,Dolakha,2015-05-16 10:13:00
625,582,27.66,86.09,4.1,Dolakha,2015-05-16 10:23:00
626,583,27.97,85.48,4.0,Nuwakot,2015-05-16 11:56:00
627,584,28.13,84.89,4.0,Gorkha,2015-05-16 12:16:00
628,585,27.7,85.85,4.2,Sindhupalchowk,2015-05-16 15:09:00
629,586,27.45,85.31,4.2,Lalitpur,2015-05-16 15:20:00
630,587,27.6,86.26,5.5,Dolakha,2015-05-16 23:04:00
631,579,27.84,86.24,4.4,Dolakha,2015-05-17 02:25:00
632,577,27.73,86.06,4.4,Dolakha,2015-05-17 10:45:00
633,578,27.48,85.87,4.6,Ramechhap,2015-05-17 17:15:00
634,575,28.11,84.88,4.1,Dhading,2015-05-18 00:12:00
635,576,27.71,86.07,4.2,Dolakha,2015-05-18 14:56:00
636,574,27.69,86.26,4.0,Dolakha,2015-05-18 17:09:00
637,573,27.66,86.03,4.3,Dolakha,2015-05-19 10:19:00
638,572,27.9,85.99,4.0,Sindhupalchowk,2015-05-19 17:14:00
639,571,27.92,86.04,4.2,Sindhupalchowk,2015-05-19 22:29:00
640,569,27.84,86.33,4.2,Dolakha,2015-05-20 16:55:00
641,570,27.52,85.26,4.4,Lalitput,2015-05-20 20:32:00
642,566,28.02,84.98,4.0,Dhading,2015-05-21 01:15:00
643,568,27.85,86.32,4.2,Dolakha,2015-05-21 19:56:00
644,567,27.93,85.46,4.0,Nuwakot,2015-05-21 20:41:00
645,563,27.78,85.93,4.0,Sindhupalchowk,2015-05-22 00:34:00
646,565,30.31,81.47,4.8,Humla,2015-05-22 00:52:00
647,564,27.69,86.16,4.1,Dolakha,2015-05-22 02:29:00
648,560,27.79,85.14,4.2,Nuwakot,2015-05-22 20:30:00
649,561,28.05,85.08,4.8,Nuwakot,2015-05-22 22:29:00
650,562,27.63,86.25,4.1,Dolakha,2015-05-22 23:15:00
651,558,27.9,85.51,4.4,Sindhupalchok,2015-05-23 04:11:00
652,559,27.74,86.2,4.2,Dolakha,2015-05-23 18:59:00
653,557,27.76,86.26,4.3,Dolakha,2015-05-24 05:00:00
654,553,27.67,86.18,4.2,Dolakha,2015-05-24 12:51:00
655,554,27.76,86.28,4.4,Dolakha,2015-05-24 16:23:00
656,555,27.84,86.0,4.2,Sindhupalchowk,2015-05-24 17:31:00
657,556,27.8,86.29,4.4,Dolakha,2015-05-24 18:40:00
658,552,27.74,86.19,4.4,Dolakha,2015-05-25 04:01:00
659,550,28.01,84.68,5.0,Gorkha,2015-05-25 09:08:00
660,551,27.71,86.07,4.1,Dolakha,2015-05-25 16:45:00
661,547,27.71,86.05,4.1,Dolakha,2015-05-26 00:24:00
662,546,27.54,85.43,4.3,Lalitpur,2015-05-26 01:45:00
663,545,28.02,85.26,5.0,Rasuwa,2015-05-26 04:37:00
664,548,27.84,86.24,4.3,Dolakha,2015-05-26 19:56:00
665,549,27.63,86.3,4.1,Dolakha,2015-05-26 23:33:00
666,544,28.04,85.13,4.2,Nuwakot,2015-05-27 04:14:00
667,541,27.59,86.2,4.2,Dolakha,2015-05-27 17:48:00
668,542,27.91,85.53,4.5,Sindhupalchowk,2015-05-27 19:00:00
669,543,27.89,85.53,4.6,Sindhupalchowk,2015-05-27 19:01:00
670,540,27.94,85.54,4.0,Sindhupalchowk,2015-05-28 04:01:00
671,534,27.99,84.79,4.0,Dhading,2015-05-28 08:52:00
672,535,27.95,84.8,4.0,Dhading,2015-05-28 09:25:00
673,536,27.64,85.31,4.0,Kathmandu,2015-05-28 10:57:00
674,537,27.77,86.25,4.2,Dolakha,2015-05-28 11:14:00
675,538,27.59,86.19,4.2,Dolakha,2015-05-28 17:21:00
676,539,27.59,86.16,4.1,Dolakha,2015-05-28 17:59:00
677,529,27.82,86.34,4.2,Dolakha,2015-05-29 06:22:00
678,530,28.07,84.94,4.2,Dhading,2015-05-29 11:05:00
679,531,28.17,84.72,4.0,Gorkha,2015-05-29 14:15:00
680,532,28.01,84.84,4.8,Dhading,2015-05-29 18:15:00
681,533,28.0,84.98,5.2,Dhading,2015-05-29 21:29:00
682,527,28.01,85.19,4.0,Rasuwa,2015-05-30 02:20:00
683,526,27.79,85.17,4.5,Nuwakot,2015-05-30 03:58:00
684,528,27.75,85.21,4.0,Dhading,2015-05-30 07:37:00
685,525,28.29,84.46,4.2,Lamjung,2015-05-31 19:39:00
686,524,27.98,85.51,4.0,Sindhupalchowk,2015-06-01 04:35:00
687,523,30.0,81.75,4.7,Humla,2015-06-02 02:18:00
688,522,27.78,86.2,4.0,Dolakha,2015-06-02 10:48:00
689,521,27.84,85.78,4.1,Sindhupalchowk,2015-06-03 02:45:00
690,520,27.79,85.87,4.5,Sindhupalchowk,2015-06-03 13:37:00
691,519,27.76,86.07,4.2,Dolakha,2015-06-03 14:39:00
692,518,27.7,86.26,4.5,Dolakha,2015-06-03 17:38:00
693,517,27.76,86.2,4.0,Dolakha,2015-06-04 16:15:00
694,515,27.79,85.78,4.1,Sindhupalchowk,2015-06-05 10:02:00
695,516,27.7,85.22,4.0,Kathmandu,2015-06-05 14:16:00
697,513,27.58,86.18,4.0,Dolakha,2015-06-06 22:45:00
698,512,27.9,85.64,4.6,Sindhupalchowk,2015-06-07 11:02:00
699,511,27.87,86.13,4.1,Dolakha,2015-06-07 22:35:00
700,508,27.87,85.81,4.1,Sindhupalchowk,2015-06-10 02:50:00
701,509,27.8,85.61,4.3,Sindhupalchowk,2015-06-10 13:36:00
702,510,27.62,86.1,4.2,Dolakha,2015-06-10 14:51:00
703,507,27.67,86.07,4.0,Dolakha,2015-06-11 00:26:00
704,506,27.8,85.78,4.6,Sindhupalchowk,2015-06-11 10:02:00
705,505,27.96,85.73,5.3,Sindhupalchowk,2015-06-11 21:57:00
706,504,28.21,84.81,4.6,Gorkha,2015-06-12 01:22:00
707,503,27.67,86.09,4.4,Dolakha,2015-06-12 10:19:00
708,502,27.73,86.16,5.2,Dolakha,2015-06-13 07:03:00
709,500,27.8,85.15,4.2,Nuwakot,2015-06-14 05:59:00
710,501,27.74,86.26,4.1,Dolakha,2015-06-14 15:01:00
711,499,27.87,85.72,4.1,Sindhupalchowk,2015-06-15 15:52:00
712,498,27.7,86.16,4.1,Dolakha,2015-06-16 21:56:00
713,497,27.68,85.28,4.4,Kathmandu,2015-06-17 05:58:00
714,496,27.91,85.59,5.2,Sindhupalchok,2015-06-17 06:14:00
715,495,27.9,85.58,4.0,Sindhupalchok,2015-06-17 06:26:00
717,493,28.14,85.11,4.1,Dhading,2015-06-18 08:24:00
718,492,28.26,84.92,4.0,Gorkha,2015-06-19 01:50:00
719,491,28.17,84.94,4.2,Gorkha,2015-06-20 02:40:00
720,490,28.65,82.76,5.4,Rukum,2015-06-20 18:08:00
721,489,27.8,86.0,4.3,Sindupalchok,2015-06-21 19:26:00
722,488,27.67,86.17,4.0,Dolakha,2015-06-22 13:19:00
723,487,27.85,85.75,4.0,Sindhupalchowk,2015-06-24 14:59:00
724,486,27.78,85.17,4.3,Nuwakot,2015-06-25 21:07:00
725,485,27.66,86.21,4.1,Dolakha,2015-06-25 23:49:00
726,484,27.94,85.49,4.2,Sindhupalchok,2015-06-25 23:51:00
727,482,27.58,85.39,4.1,Lalitpur,2015-06-26 14:45:00
728,483,27.74,86.28,4.2,Dolakha,2015-06-26 18:02:00
729,481,27.92,85.66,4.3,Sindhupalchok,2015-06-28 22:01:00
730,478,27.35,86.2,5.0,Ramechhap,2015-06-29 05:42:00
731,479,27.92,85.68,4.1,Sindhupalchowk,2015-06-29 23:27:00
732,480,27.93,85.64,4.0,Sindhupalchowk,2015-06-29 23:34:00
733,477,27.55,85.79,4.4,Kavre,2015-06-30 03:31:00
734,476,27.8,85.74,4.0,Sindhupalchowk,2015-07-01 03:33:00
735,475,27.71,86.12,4.0,Dolakha,2015-07-01 09:12:00
736,474,28.06,85.14,4.0,Nuwakot,2015-07-01 15:24:00
737,472,27.67,85.54,4.1,Kavre,2015-07-02 05:26:00
738,473,27.97,85.62,5.0,Sindhupalchowk,2015-07-02 07:41:00
739,471,27.73,85.0,4.6,Dhading,2015-07-04 01:49:00
740,470,27.86,85.87,4.4,Sindupalchok,2015-07-05 01:27:00
741,469,27.67,86.2,4.2,Dolakha,2015-07-05 10:07:00
742,468,27.69,86.2,4.3,Dolakha,2015-07-06 10:48:00
743,467,27.96,85.75,4.4,Sindhupalchok,2015-07-06 21:14:00
744,465,29.69,81.74,4.6,Bajura,2015-07-07 15:16:00
745,466,28.48,83.13,4.2,Baglung,2015-07-07 21:06:00
746,464,27.92,85.68,4.2,Sindhupalchok,2015-07-08 09:55:00
747,463,27.6,86.23,4.1,Dolakha,2015-07-08 10:19:00
748,462,27.89,85.73,4.4,Sindupalchok,2015-07-09 17:59:00
749,461,27.8,86.23,4.4,Dolakha,2015-07-11 02:28:00
750,460,28.06,85.34,4.0,Rasuwa,2015-07-13 16:01:00
751,459,27.63,86.09,4.2,Dolakha,2015-07-13 17:39:00
752,458,29.8,80.73,4.1,Darchula,2015-07-15 08:14:00
753,457,28.18,84.74,4.0,Gorkha,2015-07-17 05:09:00
754,456,27.86,86.39,4.3,Dolakha,2015-07-21 08:09:00
755,455,27.7,85.32,4.6,Kathmandu,2015-07-22 22:14:00
756,454,27.61,86.28,4.3,Dolakha,2015-07-25 00:05:00
757,453,27.66,86.0,4.5,Dolakha,2015-07-25 20:04:00
758,451,27.68,86.22,4.1,Dolakha,2015-07-26 09:30:00
759,452,27.85,85.75,4.0,Sindupalchok,2015-07-26 10:03:00
760,450,27.94,85.48,4.2,Nuwakot,2015-07-27 18:23:00
761,449,27.8,85.75,4.1,Sindupalchok,2015-07-28 09:21:00
762,448,27.68,86.04,4.0,Dolakha,2015-07-28 18:38:00
763,447,27.59,86.17,4.1,Dolakha,2015-07-28 21:23:00
764,446,27.66,86.09,4.5,Dolakha,2015-07-30 20:18:00
765,445,27.81,85.71,4.2,Sindupalchok,2015-08-01 07:22:00
766,443,27.64,86.07,4.3,Dolakha,2015-08-05 13:59:00
767,444,27.63,86.07,4.1,Dolakha,2015-08-05 17:38:00
768,442,27.86,85.76,4.1,Sindupalchok,2015-08-06 20:36:00
769,441,27.5,85.5,4.4,Kavre,2015-08-07 11:57:00
770,440,27.77,85.7,4.0,Sindupalchok,2015-08-08 06:24:00
771,439,27.69,86.26,4.1,Dolakha,2015-08-08 21:25:00
772,437,30.1,81.85,4.0,Humla,2015-08-09 00:21:00
773,438,27.94,85.52,4.1,Sindupalchok,2015-08-09 07:55:00
774,436,28.14,84.72,4.9,Gorkha,2015-08-10 04:15:00
775,435,27.7,85.29,4.3,Kathmandu,2015-08-11 10:42:00
776,434,27.72,85.2,4.0,Kathmandu,2015-08-13 01:49:00
777,433,27.59,85.97,4.3,Dolakha,2015-08-14 18:47:00
778,432,27.87,86.08,4.1,Dolakha,2015-08-15 10:10:00
779,431,27.71,86.05,4.8,Dolakha,2015-08-15 23:56:00
780,430,27.93,86.14,4.8,Dolakha,2015-08-18 04:08:00
781,429,28.0,85.29,4.6,Rasuwa,2015-08-20 11:47:00
782,428,27.96,85.48,4.0,Nuwakot,2015-08-21 12:21:00
783,427,27.87,86.17,5.1,Dolakha,2015-08-23 14:47:00
784,426,27.68,86.22,4.0,Dolakha,2015-08-25 15:08:00
785,425,30.11,81.53,4.1,Humla,2015-08-26 13:31:00
786,424,27.85,85.74,4.2,Sindhupalchowk,2015-08-27 00:51:00
787,423,28.12,84.89,4.1,Gorkha,2015-08-27 06:07:00
788,422,27.92,84.94,4.3,Dhading,2015-08-30 03:09:00
789,421,27.66,86.23,4.1,Dolakha,2015-08-30 08:26:00
790,420,27.72,85.75,5.0,Sindhupalchowk,2015-08-30 19:02:00
791,419,27.92,85.69,4.2,Sindhupalchowk,2015-08-31 23:33:00
792,418,27.64,86.19,4.4,Dolakha,2015-09-02 04:51:00
793,417,27.75,86.01,4.3,Sindhupalchowk,2015-09-03 05:10:00
794,416,27.82,86.24,4.0,Dolakha,2015-09-09 18:23:00
795,415,27.6,86.19,4.2,Dolakha,2015-09-16 20:37:00
796,414,27.76,86.37,4.0,Dolakha,2015-09-20 04:05:00
797,413,27.74,85.07,4.5,Dhading,2015-09-22 12:17:00
798,412,29.83,80.6,4.6,Darchula,2015-09-29 15:12:00
799,411,27.77,85.87,4.6,Sindhupalchowk,2015-09-29 16:39:00
800,409,27.71,86.15,4.8,Dolakha,2015-10-05 13:18:00
801,410,27.71,86.1,4.2,Dolakha,2015-10-05 13:21:00
802,408,27.69,86.09,4.2,Dolakha,2015-10-06 17:47:00
803,407,27.68,86.08,4.2,Dolakha,2015-10-07 05:15:00
804,406,27.57,85.31,4.0,Lalitpur,2015-10-08 13:00:00
805,405,27.96,85.54,4.1,Sindupalchowk,2015-10-08 21:58:00
806,404,27.71,86.16,4.2,Dolakha,2015-10-16 14:28:00
807,403,27.8,86.3,4.2,Dolakha,2015-10-17 23:46:00
808,402,28.03,85.23,4.3,Rasuwa,2015-10-31 09:28:00
809,401,27.99,85.65,4.2,Sindupalchok,2015-11-12 15:45:00
810,400,28.02,85.28,4.3,Rasuwa,2015-11-17 18:55:00
811,399,27.89,85.75,5.3,Sindupalchok,2015-11-19 10:00:00
812,398,27.77,85.88,4.0,Sindhupalchok,2015-11-19 17:44:00
813,397,28.35,83.36,4.0,Baglung,2015-11-20 13:45:00
814,396,28.43,83.3,4.1,Myagdi,2015-11-22 19:11:00
815,395,27.87,85.29,4.0,Nuwakot,2015-11-24 17:00:00
816,394,28.15,84.81,4.4,Gorkha,2015-11-24 18:09:00
817,393,27.87,85.77,4.1,Sindhupalchowk,2015-11-25 00:42:00
818,391,27.63,85.53,4.1,kavrepalanchok,2015-11-27 15:23:00
819,392,27.11,87.95,4.6,Panchthar,2015-11-27 16:22:00
820,390,27.78,85.39,4.1,Kathmandu,2015-11-30 06:10:00
821,389,27.86,86.19,4.0,Dolakha,2015-12-07 07:27:00
822,388,28.04,85.02,4.1,Dhading,2015-12-13 08:45:00
823,387,29.44,81.69,5.5,Bajura,2015-12-18 04:01:00
824,386,27.79,86.08,4.1,Dolakha,2015-12-23 08:59:00
825,385,29.35,81.29,4.1,Bajura,2015-12-26 10:33:00
826,384,27.7,86.12,4.2,Dolakha,2015-12-28 03:52:00
827,383,27.86,85.72,4.3,Sindhupalchowk,2015-12-31 07:41:00
828,892,28.01,85.8,4.2,Sindhupalchowk,2016-01-02 03:15:00
829,891,27.75,86.12,4.1,Dolakha,2016-01-04 18:47:00
830,890,27.48,86.01,4.4,Ramechhap,2016-01-09 23:28:00
831,889,27.63,86.25,4.1,Dolakha,2016-01-15 18:50:00
832,888,27.65,86.23,4.3,Dolakha,2016-01-15 22:59:00
833,887,28.06,85.09,4.6,Nuwakot,2016-01-22 01:07:00
834,886,27.83,85.83,4.4,Sindhupalchowk,2016-01-27 02:27:00
835,885,26.68,86.27,4.2,Siraha,2016-01-27 20:42:00
836,884,27.95,85.52,5.5,Sindhupalchowk,2016-02-05 22:05:00
837,883,27.84,85.71,4.6,Sindhupalchowk,2016-02-10 22:12:00
838,882,27.81,85.72,4.3,Sindhupalchowk,2016-02-13 20:22:00
839,881,27.86,85.29,4.1,Nuwakot,2016-02-20 03:54:00
840,880,28.08,84.76,5.5,Gorkha,2016-02-21 23:54:00
841,879,27.47,87.15,4.5,Sankhuwasava,2016-02-23 08:45:00
842,878,27.8,85.74,5.4,Sindhupalchok,2016-02-24 15:07:00
843,877,27.79,85.73,4.3,Sindhupalchowk,2016-03-01 16:30:00
844,876,27.69,85.93,4.0,Sindhupalchowk,2016-03-06 07:10:00
845,875,30.22,81.7,4.4,Humla,2016-03-07 13:50:00
846,874,27.9,85.87,4.2,Sindhupalchowk,2016-03-11 15:13:00
847,873,27.83,84.9,4.8,Dhading,2016-03-13 11:00:00
848,872,27.84,85.73,4.5,Sindhupalchowk,2016-03-15 03:12:00
849,871,27.34,86.27,4.0,Okhaldhunga,2016-03-17 10:59:00
850,870,27.75,88.04,4.1,Taplejung,2016-03-24 05:26:00
851,869,27.89,85.73,4.7,Sindhupalchowk,2016-03-30 18:11:00
852,868,27.93,85.59,4.0,Sindhupalchowk,2016-03-31 04:26:00
853,866,29.81,81.51,4.3,Bajhang,2016-04-04 09:40:00
854,867,27.72,86.09,4.7,Dolakha,2016-04-04 10:16:00
855,865,27.65,85.31,4.5,Lalitpur,2016-04-09 19:05:00
856,864,27.56,86.17,4.4,Dolakha,2016-04-12 20:26:00
857,863,27.72,86.29,4.0,Dolakha,2016-04-22 12:41:00
858,862,27.79,85.85,4.0,Sindhupalchowk,2016-04-22 16:49:00
859,861,28.08,85.13,4.2,Nuwakot,2016-04-24 02:16:00
860,860,28.05,85.38,4.3,Rasuwa,2016-04-26 15:18:00
861,859,29.54,81.1,4.2,Bajhang,2016-04-30 12:28:00
862,858,29.38,81.88,4.0,Kalikot,2016-05-04 11:17:00
863,857,28.24,84.99,4.1,Gorkha/Dhading,2016-05-05 10:31:00
864,856,28.01,84.94,4.4,Dhading,2016-05-11 07:04:00
865,855,28.01,84.68,4.5,Gorkha,2016-05-11 14:37:00
866,854,27.69,86.24,4.1,Dolakha,2016-05-13 01:09:00
867,853,27.97,85.55,4.3,Sindhupalchowk,2016-05-14 05:05:00
868,852,27.93,85.5,4.4,Sindhupalchowk,2016-05-15 04:30:00
869,851,27.73,85.16,4.2,Dhading,2016-05-24 00:54:00
870,850,27.94,85.5,4.6,Sindhupalchok,2016-05-28 15:24:00
871,849,27.96,85.62,4.4,Sindhupalchowk,2016-06-03 05:10:00
872,848,28.03,84.64,4.3,Gorkha,2016-06-14 05:12:00
873,847,27.93,85.21,4.4,Nuwakot,2016-06-21 11:34:00
874,846,27.76,86.34,4.1,Dolakha,2016-06-22 18:45:00
875,844,29.63,81.28,5.0,Bajhang,2016-06-29 14:55:00
876,845,29.63,81.24,4.2,Bajhang,2016-06-29 15:11:00
877,843,29.64,81.28,4.4,Bajhang,2016-07-02 06:08:00
878,842,28.31,84.35,4.3,Lamjung,2016-07-07 14:44:00
879,841,27.92,85.66,4.4,Sindhupalchowk,2016-07-07 17:38:00
880,840,27.84,86.16,4.1,Dolakha,2016-07-08 04:08:00
881,839,27.99,84.71,4.1,Gorkha,2016-07-23 11:59:00
882,838,29.81,81.56,4.0,Bajura,2016-08-27 17:48:00
883,836,27.82,86.14,4.1,Dolakha,2016-09-05 06:22:00
884,837,27.78,86.35,4.5,Dolakha,2016-09-05 07:49:00
885,835,27.91,85.77,4.6,Sindhupalchowk,2016-09-18 22:57:00
886,834,27.65,86.13,4.2,Dolakha,2016-10-07 10:37:00
887,833,27.67,85.95,4.6,Dolakha,2016-10-11 12:53:00
888,832,27.66,85.95,4.1,Dolakha,2016-10-12 14:14:00
889,831,28.04,85.17,4.1,Rasuwa,2016-10-15 18:22:00
890,830,27.87,85.3,4.0,Nuwakot,2016-10-17 10:03:00
891,829,29.69,81.05,4.0,Bajhang,2016-11-06 21:47:00
892,828,27.79,86.58,5.6,Ramechap/Solukhumbu,2016-11-28 05:20:00
893,919,29.71,81.57,4.0,Bajura,2017-01-03 00:26:00
894,918,27.73,86.08,4.4,Dolakha,2017-02-04 17:58:00
895,917,29.88,80.61,4.1,Darchula,2017-02-10 16:58:00
896,916,27.79,84.8,4.0,Dhading,2017-02-18 06:00:00
897,915,27.36,86.12,4.6,Ramechhap,2017-02-27 09:22:00
898,914,27.38,86.13,4.7,Ramechhap,2017-02-27 10:06:00
899,913,30.37,81.57,4.1,Humla,2017-03-10 07:28:00
900,912,27.86,85.77,4.2,Sindhupalchowk,2017-04-24 17:04:00
901,911,29.75,81.31,4.1,Bajhang,2017-04-24 20:49:00
902,910,29.64,80.97,4.1,Bajhang,2017-05-30 23:23:00
903,909,27.62,86.1,4.1,Dolakha,2017-06-12 17:39:00
904,908,27.88,88.13,4.1,Taplejung-Tibet Border,2017-06-14 09:27:00
905,907,27.66,86.41,4.2,Ramechhap,2017-06-28 00:09:00
906,906,27.34,86.49,5.1,Okhaldhunga,2017-07-02 07:43:00
907,905,28.94,81.75,4.0,Dailekh,2017-07-15 22:20:00
908,904,27.56,85.96,4.0,Dolakha,2017-07-24 10:29:00
909,903,27.66,86.27,4.6,Dolakha,2017-08-21 17:48:00
910,902,29.41,81.1,4.9,Bajhang,2017-08-22 06:35:00
911,901,28.06,85.94,4.8,Sindhupalchok-Tibet border,2017-08-24 16:25:00
912,900,27.62,86.25,4.6,Dolakha,2017-09-21 13:04:00
913,899,28.83,82.55,4.1,Rukum,2017-10-02 07:07:00
914,898,28.5,83.32,4.2,Myagdi,2017-10-15 05:02:00
915,897,29.08,81.45,4.0,Achham,2017-10-26 18:36:00
916,896,29.78,81.28,4.5,Bajhang,2017-11-06 08:54:00
917,895,27.63,86.19,5.2,Dolakha,2017-12-08 08:36:00
918,894,27.96,85.68,4.2,Sindhupalchowk,2017-12-18 17:18:00
919,893,29.82,80.76,4.5,Darchula,2017-12-28 13:30:00
920,947,27.72,86.01,4.3,Dolakha,2018-01-19 08:38:00
922,945,27.7,86.33,4.7,Dolakha,2018-02-26 00:45:00
923,944,27.7,86.33,4.6,Dolakha,2018-03-02 10:51:00
924,943,27.74,88.13,4.4,Taplejung,2018-05-05 20:49:00
925,942,29.98,80.54,4.6,Dharchula,2018-05-24 20:10:00
926,941,28.17,84.89,4.1,gorkha,2018-05-31 02:17:00
927,940,28.9,81.77,4.3,Dailekh,2018-05-31 21:45:00
928,939,27.68,86.11,4.3,Dolakha,2018-06-01 21:07:00
929,938,29.68,81.65,4.9,Bajura,2018-06-05 07:19:00
930,937,27.36,88.01,4.8,Taplejung,2018-06-20 09:54:00
931,936,27.31,87.9,4.7,Taplejung,2018-06-20 10:00:00
932,935,27.87,84.91,5.0,Dhading,2018-06-28 09:52:00
933,934,28.11,85.04,4.1,Dhading,2018-07-05 07:21:00
934,933,29.57,81.56,4.1,Bajura,2018-07-13 08:58:00
935,932,27.82,84.81,4.4,Dhading,2018-07-17 22:52:00
936,931,29.02,81.51,4.2,Dailekh,2018-07-18 11:15:00
937,930,27.75,84.87,4.8,Dhading,2018-07-24 08:30:00
938,929,27.94,85.51,4.3,Sindhupalchok,2018-07-24 17:44:00
939,928,27.66,86.1,4.2,Dolakha,2018-08-02 14:32:00
940,927,27.5,88.04,4.5,Taplejung,2018-08-24 18:16:00
941,926,27.79,87.41,4.2,Sankhuwasabha,2018-08-29 23:35:00
942,925,28.57,82.88,4.0,East Rukum,2018-09-19 01:42:00
943,924,28.94,81.74,4.0,Dailekh,2018-10-05 12:53:00
944,923,28.93,81.7,4.0,Dailekh,2018-10-05 21:45:00
945,922,28.94,81.72,4.3,Dailekh,2018-10-06 10:52:00
946,921,27.72,86.02,4.0,Sindhupalchok/Dolakha,2018-10-25 07:07:00
947,920,27.85,85.76,4.7,Sindhupalchok,2018-12-22 05:06:00
948,964,27.6,86.31,4.5,Ramechhap,2019-01-10 11:34:00
949,963,27.09,86.96,4.5,Bhojpur,2019-01-22 22:30:00
950,962,27.81,88.18,4.6,Taplejung,2019-02-14 17:11:00
951,961,27.68,85.27,4.0,Kathmandu,2019-02-16 20:34:00
952,960,27.66,86.0,4.4,Dolakha,2019-02-26 16:15:00
953,959,27.84,85.95,4.1,Sindhupalchok,2019-02-26 16:20:00
954,958,27.63,85.16,4.1,Makawanpur,2019-03-18 09:01:00
955,957,28.98,81.69,4.1,Dailekh,2019-04-01 20:47:00
956,956,27.76,86.27,4.2,Dolakha,2019-04-09 13:05:00
957,955,28.03,85.38,4.6,Rasuwa,2019-04-13 10:25:00
958,954,29.49,81.24,4.8,Bajhang,2019-04-14 04:27:00
959,953,28.0,84.76,4.5,Gorkha,2019-04-16 12:35:00
960,952,27.69,85.17,5.2,Dhading,2019-04-24 06:29:00
961,951,27.7,85.14,4.3,Dhading,2019-04-24 06:40:00
962,950,27.93,85.94,4.0,Sindhupalchowk,2019-04-29 11:35:00
963,949,27.94,85.72,4.0,Sindhupalchowk,2019-05-04 08:37:00
964,948,28.98,81.78,5.1,Dailekh,2019-05-11 00:36:00
